0,0,3.814522,15.25809,34.3307,61.03235,95.36305,137.3228,186.9116,244.1294,308.9763,381.4522,461.5572,549.2912,644.6542,747.6463,858.2675,976.5176,1102.397,1235.905,1377.042,1525.809,1682.204,1846.229,2017.882,2197.165,2384.076,2578.617,2780.787,2990.585,3208.013,3433.07,3665.756,3906.071,4159.006,4411.941,4664.876,4917.812,5170.747,5423.682,5676.618,5929.553,6182.488,6435.424,6688.359,6941.294,7194.229,7447.165,7700.1,7953.035,8205.971,8458.906,8711.841,8964.776,9217.712,9470.647,9723.582,9976.518,10229.45,10482.39,10735.32,10988.26,11241.19,11494.13,11747.06,12000
0,0,0,0,0,0,0,0,0,0,0,0,0,0,0,0,0,0,0,0,0,0,0,0,0,0,0,0,0,0,0,0,0,0,0,0,0,0,0,0,0,0,0,0,0,0,0,0,0,0,0,0,0,0,0,0,0,0,0,0,0,0,0,0,0,0
0.05181733,0,0.05331356,0.0583784,0.05864949,0.05793178,0.05680226,0.05542054,0.05386459,0.052181,0.05040326,0.04856384,0.04668405,0.04479004,0.04290172,0.04102813,0.03919308,0.003013253,0.01847364,0.03397099,0.03235026,0.000786632,0.000890409,0.001234711,0.004434433,0.02119246,0.004138842,0.001196653,0.001274999,0.001579617,0.002235726,0.00411629,0.001275543,0.00132174,0.001385775,0.00143385,0.001608202,0.001896834,0.002036024,0.002214224,0.002509249,0.002685916,0.005556589,0.005376615,0.006452836,0.0137171,0.01029962,0.01002666,0.01228122,0.00964945,0.009514421,0.01217546,0.01281198,0.01266576,0.009326259,0.01005908,0.01104885,0.008997863,0.008919039,0.01141454,0.01147721,0.01141268,0.01123787,0.01051374,0.009301577,0.009460683
0.2072693,0,0.000124615,0.1945204,0.1966539,0.1951203,0.1921218,0.1882716,0.1838217,0.1789353,0.1737133,0.1682381,0.1625867,0.1568232,0.1510061,0.145186,0.1394069,0.1337061,0.1281144,0.1226537,0.1173512,0.1122183,0.1072616,0.1024957,0.09792141,0.09353946,0.08935146,0.08535135,0.08154282,0.07791368,0.07446085,0.07117772,0.06805679,0.06509155,0.06221982,0.05957453,0.05712953,0.05485907,0.05274883,0.05077796,0.04893381,0.04720297,0.04557465,0.04403735,0.04258367,0.0412044,0.04027537,0.05207615,0.05162573,0.0512801,0.05065617,0.05003045,0.04942695,0.04882141,0.04821907,0.04762752,0.04704001,0.04632848,0.04586169,0.04530048,0.04472777,0.04388965,0.04360012,0.04304461,0.04248579,0.04190268
0.466356,0,8.99E-05,0.3410919,0.3479418,0.3471892,0.3435896,0.3384242,0.3322127,0.3251983,0.317572,0.309446,0.3009348,0.2921341,0.2831281,0.2739886,0.2647994,0.2556073,0.2464741,0.2374477,0.2285636,0.2198612,0.2113638,0.2030948,0.1950714,0.1873064,0.179808,0.172579,0.1656264,0.1589448,0.1525333,0.1463856,0.1404976,0.1348625,0.1293654,0.1242663,0.1195218,0.1150961,0.1109555,0.1070717,0.103419,0.09997597,0.09672197,0.09363964,0.09071175,0.08792559,0.08529596,0.110917,0.1096625,0.1084081,0.107169,0.1059373,0.1047088,0.1034945,0.1023068,0.1011871,0.09993263,0.0987666,0.09760206,0.09643922,0.09528433,0.09414707,0.09300964,0.09187595,0.09074628,0.08961823
0.8290773,0,0.384337,0.4604566,0.4748544,0.4767137,0.4741019,0.4692037,0.4628407,0.4554012,0.4470985,0.4381024,0.428535,0.4184994,0.4080795,0.3973743,0.3864576,0.3753996,0.364266,0.3531191,0.3420157,0.3309949,0.3201053,0.3093807,0.2988563,0.2885519,0.2784904,0.2686922,0.2591669,0.2499227,0.2409661,0.2323008,0.2239258,0.2158418,0.2078902,0.2004563,0.1934883,0.186943,0.1807797,0.1749635,0.1694636,0.1642489,0.1592959,0.1545813,0.1500839,0.1457832,0.1417222,0.1388584,0.1795766,0.1777004,0.1758197,0.1738953,0.1720757,0.1702599,0.1684143,0.1666052,0.1648009,0.162992,0.1612163,0.1594382,0.1576644,0.1558897,0.1541305,0.1523724,0.1506209,0.1488666
1.295433,0,0.4344379,0.54513,0.5692649,0.5750733,0.5745476,0.5709571,0.5655192,0.5587701,0.5510042,0.5423994,0.5331057,0.523212,0.5128158,0.5019965,0.4908307,0.4793875,0.4677334,0.45593,0.4440357,0.4321004,0.4201748,0.4083496,0.3965115,0.3848509,0.3733479,0.3620261,0.3509102,0.3400169,0.3293618,0.3189566,0.3088121,0.2989321,0.2891338,0.2798961,0.2711713,0.2629157,0.2550893,0.2476549,0.2405809,0.2338368,0.227395,0.2212297,0.2153182,0.2096383,0.2043389,0.2112551,0.2547954,0.2523561,0.2498564,0.2474968,0.2450951,0.2426902,0.2403212,0.2379137,0.2355819,0.2332241,0.2308724,0.2285279,0.2262489,0.2238478,0.221498,0.2191705,0.2168424,0.2144942
1.865424,0,0.454388,0.60007,0.6354923,0.6461475,0.6483256,0.64658,0.6426029,0.6370664,0.6304039,0.6228245,0.6144692,0.6054469,0.5958502,0.5857481,0.5752071,0.5643024,0.5530822,0.5416045,0.5299206,0.518089,0.5061432,0.4941398,0.4821123,0.4700973,0.4581367,0.4462541,0.4344794,0.4228403,0.4113547,0.4000421,0.3889192,0.3779968,0.3670772,0.3567018,0.3468283,0.3374204,0.3284403,0.3198552,0.3117007,0.303757,0.2961866,0.2889035,0.2818841,0.2751068,0.268883,0.3326868,0.329807,0.3269632,0.3240058,0.3213002,0.3184678,0.3156585,0.3129131,0.3100528,0.3072364,0.3044516,0.3016691,0.2988787,0.2960785,0.2932874,0.2904802,0.2877487,0.284869,0.2820558
2.539049,0,0.4536555,0.6324611,0.6802232,0.6963339,0.7015883,0.7019443,0.6995956,0.6954964,0.690139,0.6837899,0.6766201,0.6687485,0.6602634,0.6512298,0.6417184,0.6317807,0.6214978,0.6108329,0.5999124,0.5887605,0.5774153,0.5659165,0.5542996,0.5426071,0.5308664,0.5191121,0.507374,0.4956773,0.4840469,0.4725047,0.4610669,0.4497543,0.4383598,0.4274547,0.4170076,0.4069856,0.3973588,0.3881027,0.3791889,0.3705928,0.3622939,0.3542662,0.3464903,0.3389466,0.4072397,0.4041762,0.4010126,0.3978391,0.3948138,0.3917217,0.3886332,0.3855445,0.3824606,0.3793497,0.3762848,0.3731881,0.3701002,0.3669976,0.3638872,0.3607307,0.3576444,0.3544987,0.3513394,0.348164
3.316309,0,0.4399477,0.6484606,0.7091553,0.7312232,0.7397938,0.7423746,0.7417363,0.739097,0.7350604,0.7299664,0.7240114,0.717331,0.7100162,0.7021413,0.6937689,0.6849415,0.6757085,0.6661125,0.6562209,0.6459881,0.6355338,0.6248648,0.6140154,0.6030145,0.5918985,0.5806919,0.5694233,0.5581186,0.5468054,0.5355001,0.5242266,0.5130004,0.5016212,0.4906597,0.4800934,0.4698968,0.460048,0.4505238,0.4413047,0.4323704,0.4236988,0.4152717,0.4070706,0.3992579,0.4727819,0.469556,0.4663395,0.4631231,0.4599066,0.4565837,0.4535056,0.4502346,0.4469904,0.443762,0.4405174,0.4373083,0.4339921,0.430706,0.4274097,0.4241052,0.4207719,0.4174229,0.4140461,0.410645
4.197204,0,0.4187698,0.6526812,0.7265892,0.7549269,0.767041,0.7719218,0.7730128,0.7718091,0.7690535,0.7651542,0.7603554,0.7548112,0.7486188,0.7418594,0.734592,0.7268684,0.7187248,0.7102018,0.701333,0.6921514,0.682687,0.6729752,0.6630361,0.6529032,0.6425996,0.6321581,0.6215962,0.6109395,0.6002106,0.5894316,0.5786189,0.5677943,0.5567557,0.5460635,0.5357013,0.525648,0.5158898,0.506407,0.4971845,0.4882022,0.4794479,0.4709023,0.5378526,0.5346345,0.5314166,0.5281971,0.524957,0.5217391,0.5185132,0.5152676,0.5120178,0.5087017,0.5054805,0.502194,0.4989033,0.4955876,0.4922293,0.4889012,0.4855031,0.4821292,0.4787044,0.4752509,0.4717643,0.4682399
5.181733,0,0.3938232,0.6484717,0.7355492,0.770435,0.7862223,0.7934947,0.7963229,0.7965215,0.7949874,0.7922103,0.7884803,0.7839746,0.778817,0.7730848,0.7668445,0.760144,0.7530249,0.7455202,0.7376627,0.7294785,0.7209979,0.7122497,0.7032519,0.6940311,0.6846109,0.6750115,0.6652559,0.6553662,0.6453594,0.6352546,0.6251028,0.614858,0.6043242,0.594105,0.5841891,0.5744547,0.5649973,0.5557679,0.5467523,0.5379382,0.5293103,0.5218745,0.5138689,0.5862824,0.583144,0.5800023,0.5768505,0.5736753,0.5705122,0.5673257,0.5641246,0.5609076,0.5576639,0.5544155,0.5511486,0.5478517,0.544522,0.5411953,0.5378215,0.534424,0.530983,0.5275145,0.524014,0.5204613
6.269897,0,0.3674901,0.6382693,0.738184,0.7798082,0.7994164,0.809139,0.8137244,0.815298,0.8149246,0.8132002,0.8104556,0.8069012,0.8026737,0.7978812,0.7925544,0.7867803,0.7805919,0.7740188,0.767093,0.7598409,0.7522872,0.7444516,0.7363574,0.728026,0.7194755,0.7107265,0.7017973,0.6927283,0.6834664,0.6740977,0.664616,0.6550348,0.6451759,0.6355384,0.6261144,0.6168935,0.6078681,0.5990258,0.5903906,0.6433831,0.6403854,0.6373995,0.6344075,0.6314075,0.6283878,0.6253792,0.6223349,0.6191964,0.6162304,0.6131494,0.6100489,0.6069296,0.6037874,0.6005787,0.5974339,0.5942197,0.590976,0.587702,0.5843934,0.5810488,0.577645,0.5742531,0.570785,0.5672711
7.461696,0,0.3412492,0.6238244,0.7360359,0.7844986,0.8080587,0.8202965,0.8266454,0.8295875,0.8303404,0.8296079,0.8277765,0.8250892,0.8217076,0.8177338,0.8132601,0.8083071,0.802962,0.7972161,0.791145,0.7847219,0.7780274,0.7710192,0.7637637,0.7562648,0.7485377,0.7406004,0.7324667,0.7241557,0.7156804,0.7070523,0.6982889,0.6894252,0.6802191,0.6712123,0.6623724,0.6536935,0.6451674,0.6367875,0.6847728,0.6819784,0.6791573,0.6763309,0.6735063,0.6705643,0.667799,0.664939,0.6620507,0.6591461,0.6562068,0.6532753,0.6503084,0.6473182,0.6443018,0.6412042,0.6381901,0.6350826,0.631953,0.628787,0.6255854,0.6223378,0.6190609,0.6157295,0.6123478,0.6088997
8.757129,0,0.3159732,0.6064445,0.7302252,0.7855648,0.8131782,0.8279991,0.836141,0.8404308,0.8422925,0.8425148,0.8415303,0.8396428,0.8370382,0.8338082,0.8300651,0.8258648,0.821253,0.8162661,0.8109344,0.8052815,0.7993299,0.7931003,0.7866083,0.7798718,0.7729021,0.7657186,0.7583343,0.7507595,0.7430097,0.7350963,0.7270305,0.7188248,0.7103204,0.7019483,0.6937078,0.6856174,0.6776264,0.6697895,0.6621423,0.7153669,0.7127543,0.7100875,0.7074299,0.7047566,0.7020592,0.6993263,0.6966109,0.6938714,0.6911175,0.6883204,0.6855071,0.6826452,0.6797923,0.6768903,0.673962,0.6709963,0.6679975,0.6649664,0.6618916,0.6587716,0.6556088,0.6523951,0.6491285,0.6457973
10.1562,0,0.2921372,0.5871017,0.7215895,0.7837666,0.8155111,0.8329783,0.8429537,0.8486041,0.8515543,0.8526786,0.8525112,0.8513774,0.8494689,0.8469222,0.8438509,0.840316,0.836369,0.8320593,0.8273887,0.8224118,0.8171412,0.8115958,0.8057912,0.7997416,0.7934638,0.7869684,0.7802872,0.7733787,0.7663234,0.7590615,0.751658,0.744101,0.736248,0.7285174,0.7208413,0.7141016,0.7069132,0.749157,0.7467193,0.7442769,0.7418193,0.7393529,0.7368698,0.7343675,0.7318483,0.7292983,0.7267406,0.724157,0.7215504,0.7189164,0.7162477,0.7135623,0.7108506,0.7081023,0.7053441,0.7025013,0.6996477,0.6967586,0.693813,0.6908381,0.6878182,0.6847379,0.6816028,0.6784017
11.6589,0,0.2699638,0.5665266,0.7107652,0.7796843,0.8156108,0.8357814,0.8476221,0.8546518,0.8586718,0.8606952,0.8613111,0.8608675,0.8596131,0.8577023,0.85524,0.8523064,0.8489568,0.8452342,0.8411739,0.8368009,0.8321497,0.8272047,0.8220172,0.8165886,0.8109333,0.8050621,0.798988,0.7927362,0.7862846,0.7796442,0.7728537,0.7659062,0.7586853,0.7516117,0.7806188,0.7783758,0.7761228,0.7737489,0.7716147,0.7693453,0.7670649,0.7647707,0.7624468,0.760119,0.7577655,0.7553864,0.7529893,0.7505782,0.7481151,0.7456381,0.7431291,0.7406023,0.7380391,0.7354632,0.73281,0.7301456,0.7274381,0.7247002,0.7218651,0.7191002,0.716177,0.7132525,0.7102553,0.7071974
13.26524,0,0.2495188,0.5452695,0.6982434,0.7737433,0.8138857,0.8368146,0.850558,0.8589786,0.864079,0.8669831,0.8683474,0.8685787,0.8679489,0.8666144,0.8647128,0.8623264,0.8595249,0.856342,0.8528124,0.84899,0.844863,0.8404881,0.8358527,0.8309708,0.8258752,0.8205683,0.8150594,0.8093588,0.8034745,0.7974162,0.7912056,0.8078975,0.8057384,0.8035743,0.8015254,0.7994716,0.7973998,0.7953039,0.7932432,0.7911379,0.7890292,0.7868961,0.7847408,0.782569,0.7803711,0.7781509,0.775906,0.7736363,0.771316,0.7689866,0.7666651,0.7642844,0.7618717,0.7594138,0.7569443,0.7544291,0.7518637,0.7492731,0.7466323,0.7439376,0.7412002,0.7384025,0.7355489,0.732622
14.97521,0,0.2307565,0.5237455,0.6844132,0.7662811,0.8106509,0.8363778,0.8520603,0.8618941,0.8680842,0.8718665,0.87397,0.87485,0.8748018,0.8740144,0.8726336,0.8707505,0.8684355,0.8657408,0.8627133,0.859362,0.8557338,0.8518416,0.8477036,0.8433328,0.8387413,0.8339417,0.8289549,0.8237557,0.8183864,0.8130599,0.8273569,0.8254713,0.8235252,0.8216192,0.8197222,0.8178285,0.8159462,0.8140194,0.8120943,0.8101504,0.8081742,0.8062118,0.8042031,0.8021832,0.8001359,0.7980816,0.7959657,0.7938415,0.7917104,0.7895143,0.7873075,0.7850702,0.7828007,0.7805004,0.7781639,0.775772,0.7733747,0.7709099,0.7684194,0.765892,0.7632549,0.7606108,0.7578944,0.7551196
16.78882,0,0.2136286,0.5022645,0.6695834,0.7575634,0.8061372,0.8347035,0.8523619,0.8636328,0.8709217,0.8755764,0.8784131,0.879922,0.8804373,0.880178,0.8792815,0.8778668,0.8760076,0.8737665,0.871168,0.8682668,0.8650901,0.861635,0.8579433,0.8540336,0.849887,0.8455452,0.8410303,0.8363604,0.8458226,0.844142,0.8424687,0.8407757,0.8390423,0.8373163,0.8355889,0.8338566,0.832109,0.8303515,0.8285772,0.8267811,0.8249632,0.8231227,0.8212614,0.8193739,0.817455,0.8155272,0.8135698,0.8115995,0.8095702,0.8075444,0.8054596,0.803359,0.8012269,0.7990595,0.7968571,0.7946226,0.7923456,0.7900252,0.7876602,0.7852078,0.7827817,0.7802606,0.7776803,0.7750359
18.70606,0,0.1980215,0.4810572,0.6540054,0.7478032,0.8005529,0.8319796,0.8516401,0.8643742,0.8727736,0.8783111,0.8818713,0.8840041,0.8850679,0.885303,0.8848742,0.883899,0.8824681,0.8806345,0.8784443,0.8759539,0.8731715,0.8701213,0.8668359,0.8633236,0.8599194,0.8561262,0.8516609,0.8601063,0.8586181,0.857158,0.8556842,0.8541855,0.8526134,0.8510426,0.8494841,0.8478733,0.8462985,0.8446782,0.843051,0.8413706,0.8396879,0.8379773,0.8362452,0.8344874,0.8327058,0.830893,0.8290632,0.8272033,0.8253125,0.8234214,0.8214555,0.8194826,0.8174849,0.8154468,0.8133724,0.8112644,0.8091117,0.8069221,0.8046855,0.8024007,0.8000642,0.79767,0.7952215,0.7927074
20.72693,0,0.1837841,0.4602855,0.6378882,0.7371611,0.7940342,0.8283378,0.8500366,0.8642565,0.8737842,0.8802111,0.8844985,0.8872497,0.8888484,0.8895685,0.8895844,0.8890214,0.8879829,0.8865341,0.8847264,0.8826006,0.8809874,0.8788762,0.8777975,0.8763059,0.8749725,0.8736553,0.8723627,0.871023,0.8698625,0.8683367,0.8672726,0.8659461,0.8645343,0.8631256,0.8616846,0.8602447,0.8587727,0.8572798,0.8557627,0.8542203,0.8526562,0.8510642,0.8494495,0.8477934,0.8461448,0.8444536,0.84274,0.8409958,0.8392304,0.8373974,0.835604,0.8337537,0.8318392,0.8299403,0.8279945,0.8259601,0.823973,0.8218941,0.8197847,0.8176209,0.8154062,0.8131354,0.8108086,0.8084161
22.85144,0,0.1708721,0.4401827,0.6214583,0.7258346,0.7867345,0.8239076,0.8476608,0.8633901,0.8740608,0.8813901,0.886409,0.8897695,0.8919015,0.8930924,0.893525,0.893384,0.8927286,0.891651,0.8902024,0.8885225,0.8866181,0.8872033,0.8856856,0.8850385,0.8839576,0.8828735,0.8818608,0.880789,0.8797422,0.8786286,0.8774887,0.8762967,0.87504,0.8737621,0.8724595,0.8711064,0.8697796,0.8683736,0.8669962,0.8655662,0.8641112,0.8626292,0.8611228,0.8595902,0.8580349,0.8564601,0.8548443,0.8532109,0.8515505,0.8498619,0.8481465,0.8463998,0.8446174,0.8428133,0.8409697,0.8390897,0.8371558,0.8352057,0.8332049,0.8311541,0.8290522,0.8268976,0.824685,0.8224079
25.07959,0,0.1591169,0.4207676,0.6046935,0.7140292,0.7788121,0.8188481,0.8446712,0.8619259,0.8737562,0.8819924,0.88777,0.8917646,0.8944489,0.8961653,0.8969028,0.8973384,0.897092,0.89707,0.8962818,0.895728,0.8946684,0.8942575,0.8935171,0.8927165,0.8919009,0.8910803,0.8902322,0.8893586,0.8884454,0.8875013,0.8865049,0.8854539,0.8843343,0.8830945,0.8819364,0.8807512,0.8795159,0.8782381,0.8769395,0.8756134,0.8742578,0.8728769,0.8714699,0.8700326,0.8685783,0.8670942,0.8655836,0.8640513,0.8624877,0.8609018,0.8592841,0.8576518,0.8559631,0.8542549,0.8525089,0.850732,0.8489188,0.8470753,0.8451617,0.8432173,0.8412207,0.8391704,0.8370786,0.8348983
27.41137,0,0.1484182,0.4021168,0.5882319,0.7017279,0.770368,0.8132209,0.8411468,0.8599826,0.8730186,0.882198,0.8887401,0.8933744,0.8966419,0.8989036,0.9003445,0.9010229,0.9016543,0.9017422,0.901406,0.9013853,0.901006,0.9005359,0.9000286,0.8995159,0.8988366,0.8983044,0.8976401,0.8969293,0.896168,0.8953567,0.8944879,0.8935587,0.8925229,0.891498,0.8903983,0.8893014,0.8881465,0.8869768,0.8857585,0.8845333,0.8832697,0.8819798,0.8806486,0.8793207,0.877953,0.8765193,0.8751398,0.8736968,0.8722267,0.8707293,0.8692037,0.8676492,0.8660663,0.8644519,0.8628028,0.8611191,0.8593983,0.8576382,0.8558343,0.8539858,0.8520877,0.8501379,0.8481322,0.8460659
29.84678,0,0.1385574,0.3842544,0.571689,0.6892122,0.7614044,0.8071778,0.837182,0.8575625,0.8717708,0.8818694,0.8891241,0.8946539,0.898487,0.9009088,0.9031125,0.9040473,0.9045373,0.9040338,0.9062524,0.9063331,0.9062648,0.9061112,0.9058565,0.905508,0.9051549,0.9047029,0.9041997,0.9036309,0.90301,0.9023119,0.9015714,0.9007513,0.8998469,0.8989005,0.8979144,0.8968888,0.8958316,0.8947441,0.8936321,0.8924686,0.8912916,0.8900845,0.8888505,0.8875912,0.8862943,0.8849947,0.8836588,0.8822817,0.8809202,0.8794907,0.8780561,0.8765869,0.8750877,0.8735586,0.8719952,0.8704104,0.8687659,0.8670932,0.8653784,0.8636196,0.8617794,0.8599537,0.8580409,0.8560656
32.38583,0,0.1297612,0.3670958,0.5552541,0.676392,0.7521677,0.8006465,0.8328078,0.8547008,0.8699887,0.8811954,0.8895609,0.8955622,0.8999685,0.9033112,0.9057425,0.9074633,0.9085657,0.9091179,0.9103207,0.9107149,0.9109404,0.910912,0.9110021,0.9108725,0.9106752,0.9103631,0.9100365,0.9095949,0.9090896,0.9085139,0.9078763,0.9071483,0.9063288,0.9054847,0.9045903,0.9036512,0.9026765,0.9016659,0.9006227,0.899549,0.8984454,0.897312,0.896156,0.8949716,0.8937627,0.8925276,0.8912448,0.8899766,0.8886709,0.8873339,0.8859692,0.8845743,0.8831484,0.8817056,0.8802222,0.8787036,0.8771518,0.8755602,0.8739272,0.8722611,0.8705261,0.8687537,0.866905,0.8650407
35.02852,0,0.1216331,0.3508543,0.5387128,0.6630333,0.7423285,0.7935793,0.827722,0.8516152,0.8682618,0.8805015,0.8894247,0.8961327,0.9011217,0.9047939,0.9074463,0.909294,0.911733,0.9129155,0.9139091,0.9145813,0.9150542,0.9153802,0.9155433,0.9154473,0.9155688,0.9154333,0.9152084,0.9148917,0.9144968,0.9140311,0.9134669,0.9128454,0.9121364,0.9113627,0.9105408,0.9096815,0.9087807,0.9078474,0.9068803,0.9058693,0.9048343,0.9037582,0.9026944,0.9015711,0.9004362,0.8992644,0.8980707,0.8968571,0.8956158,0.8943481,0.8930537,0.8917213,0.8903831,0.8890137,0.8875936,0.8861487,0.884669,0.8831528,0.8816046,0.8799926,0.8783486,0.8766437,0.8749041,0.8730982
37.77484,0,0.1141944,0.3354199,0.5229488,0.6502301,0.7325171,0.7864294,0.8228587,0.8480483,0.8660561,0.879093,0.8890087,0.8963444,0.9019861,0.9062915,0.9096404,0.9120961,0.9141711,0.9158413,0.9170625,0.9179911,0.918705,0.9192214,0.9195855,0.9198102,0.9199076,0.9199087,0.9198064,0.9195871,0.9192682,0.9189246,0.9184662,0.9179235,0.9172892,0.9166041,0.9158544,0.9150646,0.9142194,0.913369,0.9124584,0.9115204,0.9105515,0.9095541,0.9085259,0.9074768,0.9064072,0.9052936,0.9041689,0.9030163,0.9018383,0.9006354,0.8994061,0.8981498,0.8968648,0.8955516,0.8942002,0.8928285,0.8914169,0.8899683,0.8884887,0.8869489,0.8853692,0.8837495,0.8820732,0.880347
40.62479,0,0.1073414,0.3206722,0.5073132,0.6370007,0.7223392,0.7788456,0.817191,0.8442304,0.8634966,0.8776612,0.8882541,0.8962497,0.9022965,0.9073187,0.9110536,0.9140761,0.9163641,0.9183081,0.9197996,0.920961,0.9218977,0.9226118,0.9231428,0.9235204,0.9237426,0.9238811,0.9238867,0.9237807,0.9235809,0.9232969,0.9229128,0.9224471,0.9218914,0.9212778,0.9205975,0.9198739,0.9191063,0.9182984,0.9174505,0.9165758,0.9156725,0.9147193,0.9137598,0.912767,0.9117475,0.9107005,0.9096074,0.9085371,0.9074183,0.9062731,0.9051035,0.9039063,0.902682,0.9014275,0.9001482,0.8988272,0.897484,0.8960904,0.8946394,0.8932062,0.8916884,0.8901286,0.8885193,0.8868551
43.57838,0,0.1010813,0.3066591,0.4919081,0.6237157,0.7118872,0.7709327,0.8114787,0.8400198,0.860593,0.8757602,0.8871061,0.8956989,0.9026445,0.9080043,0.9121667,0.9155649,0.9182511,0.9204168,0.9221642,0.923569,0.9246905,0.9255846,0.9262721,0.9267904,0.9271554,0.9273829,0.9274938,0.9274914,0.9273753,0.9271627,0.9268715,0.9264798,0.9259899,0.9254406,0.9248322,0.9241695,0.9234607,0.922711,0.9219224,0.9211002,0.9202493,0.9193663,0.9184461,0.9175057,0.9165397,0.9155534,0.9145346,0.9134968,0.9124234,0.9113274,0.910221,0.9090732,0.9079025,0.9067039,0.905475,0.9042145,0.9029204,0.9015895,0.900223,0.8988133,0.8973603,0.8958637,0.8943153,0.8927125
46.6356,0,0.09529467,0.2933274,0.4768264,0.6104277,0.7012994,0.7628212,0.8054162,0.8355337,0.8573726,0.8735804,0.8858181,0.8952542,0.9026023,0.9084002,0.9130115,0.9167375,0.9197437,0.9221825,0.924072,0.9254452,0.9271036,0.9281628,0.9290056,0.929659,0.9301471,0.9304911,0.9306893,0.9307774,0.9307502,0.9306192,0.9303928,0.930066,0.9296548,0.9291652,0.9286087,0.9280041,0.9273559,0.9266536,0.9259179,0.9251462,0.9243472,0.9235066,0.9226427,0.9217511,0.9208337,0.9198906,0.9189289,0.9179302,0.9169167,0.9158711,0.9148025,0.91371,0.912589,0.9114205,0.9102614,0.9090519,0.9078068,0.9065304,0.905197,0.903858,0.9024624,0.9010114,0.8995242,0.8979779
49.79646,0,0.08995213,0.2806666,0.4620788,0.5971036,0.6904659,0.7544443,0.7990047,0.8306994,0.853739,0.8710908,0.884154,0.8942496,0.9021608,0.9084974,0.9135327,0.9176014,0.9209154,0.9236248,0.9258517,0.9276757,0.9291766,0.930398,0.9313839,0.9320964,0.9327625,0.9331909,0.9335061,0.9336772,0.9337284,0.9336657,0.9335094,0.9332529,0.9328953,0.9324678,0.931967,0.9314214,0.9308194,0.9301723,0.9294844,0.92876,0.9280034,0.9272124,0.9263956,0.9255424,0.9246829,0.9237701,0.9228558,0.9219134,0.9209326,0.9199379,0.9189156,0.917851,0.916792,0.9156887,0.9145618,0.9133927,0.9122022,0.9109656,0.9097042,0.9083908,0.9070309,0.9056466,0.9042031,0.9027136
53.06095,0,0.08500913,0.2686225,0.4476825,0.5838476,0.6795064,0.7457742,0.7922944,0.8256257,0.8499973,0.8683132,0.8822352,0.8930415,0.9015419,0.9083078,0.9137537,0.9181738,0.9217931,0.9247584,0.9272201,0.9292492,0.930925,0.932292,0.9334084,0.9343261,0.9350407,0.9355793,0.935969,0.9362213,0.9363513,0.9363595,0.9362645,0.9360622,0.9357756,0.9354021,0.93496,0.9344592,0.9339057,0.9333052,0.9326633,0.9319836,0.9312748,0.9305275,0.9297479,0.9289403,0.9281166,0.9272547,0.9263736,0.9254667,0.9245355,0.9235841,0.9225972,0.9215957,0.9205562,0.9194943,0.9184031,0.9172817,0.9161279,0.9149399,0.9137199,0.9124509,0.9111423,0.9097844,0.9083914,0.9069467
56.42908,0,0.08042481,0.2571668,0.4336347,0.5706696,0.6683674,0.7368704,0.7853124,0.8202323,0.8459034,0.8652468,0.880024,0.8915164,0.9005912,0.9078388,0.9136946,0.9184648,0.9223825,0.9256153,0.9282925,0.9305199,0.9323672,0.9338958,0.9351487,0.9361754,0.9369923,0.9376306,0.9381069,0.9384394,0.9386418,0.9387176,0.9386868,0.9385544,0.9383056,0.937995,0.9376037,0.9371501,0.9366425,0.9360908,0.9354878,0.9348497,0.934175,0.9334737,0.9327316,0.9319676,0.9311738,0.9303565,0.929511,0.928643,0.9277489,0.9268215,0.9258858,0.9249125,0.9239246,0.9228955,0.9218419,0.9207586,0.919648,0.918493,0.9173071,0.9160823,0.9148159,0.9135049,0.912147,0.9107354
59.90084,0,0.07616519,0.2462616,0.4199269,0.557521,0.6571122,0.7277284,0.7780573,0.8145541,0.8415107,0.8618833,0.8775221,0.8897007,0.8993463,0.9070966,0.9133624,0.9184698,0.9226956,0.9261844,0.9290878,0.9315057,0.9335226,0.9352032,0.9365903,0.9377324,0.9386523,0.9393838,0.9399388,0.9403449,0.940625,0.9407705,0.9407953,0.9407226,0.9405445,0.9402729,0.9399303,0.9395226,0.9390622,0.9385382,0.9379857,0.9373666,0.9367466,0.936086,0.9353856,0.9346528,0.9338957,0.9331123,0.9323025,0.9314685,0.9306133,0.9297283,0.9288138,0.9278789,0.9269204,0.925926,0.9249069,0.9238614,0.9227808,0.9216653,0.9205093,0.919319,0.9180926,0.9168121,0.915489,0.9141156
63.47623,0,0.07219785,0.2358777,0.4065501,0.5444454,0.6457669,0.7183663,0.7705328,0.8085913,0.8368307,0.8582593,0.8746868,0.8876348,0.8978677,0.9060752,0.9127438,0.9182241,0.9227404,0.9264849,0.9296109,0.9322075,0.9344054,0.9362328,0.9377532,0.9389612,0.9400285,0.9408556,0.9415039,0.9419863,0.9423297,0.9425358,0.9426259,0.9426,0.9424755,0.9422624,0.9419633,0.9415997,0.9411799,0.9407049,0.9401859,0.9396205,0.939021,0.9383869,0.9377244,0.9370284,0.9363014,0.9355505,0.9347734,0.9339708,0.9331428,0.9322924,0.9314108,0.9305056,0.9295743,0.9286189,0.9276267,0.9266076,0.9255569,0.9244765,0.923351,0.922196,0.9209909,0.9197463,0.918459,0.9171065
67.15526,0,0.06849353,0.2259774,0.3935379,0.5314278,0.6343141,0.708798,0.7627272,0.8023461,0.8318636,0.854339,0.8716771,0.8852782,0.8960286,0.9047989,0.9118942,0.9176718,0.9225229,0.9265268,0.9298716,0.9326749,0.9350296,0.9370013,0.9386503,0.9400204,0.9411502,0.9420609,0.9427926,0.9433177,0.9437645,0.9440356,0.9441815,0.9442169,0.9441459,0.9439555,0.9437249,0.9434013,0.943019,0.9425857,0.942099,0.9415704,0.9410095,0.9403951,0.9397724,0.9391088,0.9384149,0.9376973,0.9369495,0.936177,0.9353755,0.9345498,0.9336989,0.9328243,0.9319189,0.930984,0.9300298,0.929034,0.928011,0.926953,0.925863,0.9247303,0.9235554,0.9223341,0.9210667,0.9197497
70.93793,0,0.0650294,0.2165302,0.3808359,0.5185183,0.6227456,0.6990198,0.7546958,0.7957095,0.8266391,0.8501319,0.868327,0.8826482,0.8940498,0.9032646,0.9107681,0.9169378,0.9220489,0.9263076,0.9298062,0.9328766,0.935397,0.9375172,0.9392981,0.9407827,0.9420061,0.9430227,0.943824,0.9444672,0.9449045,0.9452813,0.9454882,0.9455762,0.9455549,0.9454312,0.945226,0.944946,0.9445956,0.9442026,0.9437452,0.9432637,0.9427282,0.9421586,0.9415548,0.940923,0.940256,0.9395656,0.9388463,0.9380972,0.9373258,0.936528,0.935705,0.9348534,0.9339715,0.9330675,0.9321279,0.9311629,0.9301607,0.9291097,0.9280589,0.9269491,0.9257887,0.9245981,0.9233519,0.9220603
74.82423,0,0.06178141,0.2075084,0.3684512,0.5057274,0.6110898,0.6890426,0.7464169,0.7890148,0.8210915,0.8456154,0.8647069,0.8797415,0.8917013,0.9014552,0.9093284,0.9159058,0.9213231,0.9258438,0.9296376,0.9328226,0.9355222,0.9377916,0.9397021,0.9413015,0.9426372,0.9437307,0.944632,0.9453427,0.9458913,0.9462849,0.9465518,0.9466965,0.946724,0.9466511,0.9464878,0.9462502,0.9459425,0.9455811,0.9451662,0.944705,0.9442007,0.9436607,0.9430886,0.9424791,0.9418418,0.9411754,0.9404813,0.9397618,0.9390142,0.9382399,0.937435,0.9366071,0.935751,0.934866,0.9339507,0.9330042,0.9320252,0.931011,0.9299588,0.9288695,0.9277368,0.9265594,0.9252492,0.9236617
78.81416,0,0.05872987,0.1988631,0.3563711,0.4930039,0.5993472,0.6788658,0.737861,0.7819241,0.8152586,0.8408356,0.8607946,0.8765486,0.8891681,0.89938,0.9077312,0.9146003,0.9203451,0.9251321,0.9291536,0.9325427,0.9354074,0.9378274,0.9398701,0.9415903,0.9430283,0.9442226,0.9452016,0.9459891,0.9466049,0.9470685,0.9473917,0.9475855,0.947667,0.9476417,0.9475192,0.9473218,0.9470515,0.946722,0.9463423,0.945913,0.9454381,0.9449261,0.9443819,0.9437762,0.9431884,0.9425454,0.9418754,0.9411715,0.9404492,0.9396965,0.9389167,0.9381097,0.9372756,0.9364075,0.935511,0.934583,0.9336215,0.9326268,0.9315897,0.9305065,0.9292416,0.9276679,0.9255535,0.9203997
80.76566,0,0.05733013,0.1948725,0.3506795,0.4869317,0.5936761,0.673913,0.7336622,0.7784204,0.8123537,0.8384483,0.8588154,0.8749254,0.8878104,0.8982887,0.9068448,0.9139093,0.9197874,0.9246826,0.9288337,0.9323193,0.9352691,0.9377621,0.9398703,0.941628,0.9431366,0.9443764,0.9453949,0.9462177,0.9468687,0.9473634,0.9477151,0.9479367,0.9480428,0.948037,0.9479372,0.9477449,0.9475055,0.9471929,0.9468265,0.9464105,0.9459544,0.9454564,0.9449218,0.9443511,0.9437509,0.9431211,0.9424607,0.9417728,0.9410559,0.9403118,0.9395456,0.9387467,0.9379167,0.9370587,0.9361711,0.9352481,0.9342968,0.9333091,0.932268,0.9310395,0.9294935,0.9273944,0.9221534,NaN
82.79886,0,0.05593028,0.1908362,0.3448916,0.4807055,0.5878331,0.6687496,0.7292828,0.7747142,0.8092929,0.8359097,0.8566999,0.8731807,0.8863501,0.8971016,0.905872,0.9131225,0.9191481,0.9241929,0.9284498,0.9320224,0.9349764,0.9376404,0.9398145,0.941645,0.9431929,0.9444804,0.9455416,0.9464043,0.9470896,0.947615,0.9479962,0.9482448,0.9483761,0.948395,0.9483151,0.9481538,0.9479205,0.9476252,0.947276,0.9468658,0.9464278,0.9459426,0.9454248,0.9448677,0.9442798,0.9436605,0.9430096,0.9423324,0.9416222,0.9408914,0.9401314,0.9393415,0.9385172,0.9376749,0.9367925,0.9358795,0.9349321,0.9339388,0.932743,0.9312223,0.9291293,0.9238254,NaN,NaN
84.92015,0,0.05453039,0.1867641,0.3390006,0.4743069,0.5817869,0.6633829,0.7247035,0.7708785,0.8060576,0.8332145,0.8544621,0.8713101,0.8848336,0.8958057,0.9048069,0.9122439,0.9184322,0.9236214,0.9279899,0.9316817,0.9348057,0.9374554,0.9397013,0.941599,0.9431945,0.9445323,0.9456363,0.9465405,0.9472614,0.9478197,0.9482308,0.9485093,0.9486663,0.9487077,0.9486518,0.9485095,0.9482478,0.9480169,0.9476824,0.9472987,0.9468672,0.9463973,0.9458853,0.9453433,0.944756,0.9441592,0.9435208,0.9428523,0.9421566,0.9414316,0.9406797,0.9398981,0.9390871,0.9382456,0.937374,0.9364662,0.935515,0.9343539,0.9328563,0.9307683,0.9253187,NaN,NaN,NaN
87.13597,0,0.05312783,0.1826551,0.3330006,0.4677218,0.5755302,0.6578507,0.7199107,0.7668278,0.8026494,0.8303534,0.8520639,0.8693031,0.8831474,0.8944031,0.9036338,0.911268,0.9176293,0.9229613,0.927454,0.9312485,0.9344729,0.9372052,0.9395222,0.9414815,0.9431405,0.9445276,0.9456796,0.9466236,0.947382,0.947975,0.9484175,0.9487249,0.9489101,0.9489764,0.9489412,0.9488196,0.9486249,0.9483653,0.9480478,0.9476774,0.9472618,0.9468057,0.9463097,0.9457747,0.9452125,0.9446143,0.9439852,0.9433302,0.9426456,0.9419305,0.941185,0.9404118,0.9396103,0.9387752,0.9379041,0.9369982,0.935872,0.9343947,0.9323107,0.9267568,NaN,NaN,NaN,NaN
89.45382,0,0.05172379,0.1785043,0.3268737,0.4609977,0.5690478,0.6520451,0.7148819,0.7625506,0.7990396,0.8273128,0.8495051,0.8671467,0.8813308,0.8928747,0.9023414,0.9101858,0.9167237,0.9222052,0.9268289,0.9307434,0.9340621,0.9368812,0.9392426,0.9413043,0.9430177,0.9444613,0.9456614,0.9466488,0.9474455,0.9480758,0.9485515,0.9488872,0.9491021,0.9491946,0.9491836,0.9490831,0.9489081,0.948662,0.9483639,0.9480121,0.9476117,0.9471668,0.9466841,0.9461654,0.945612,0.945026,0.9444096,0.9437624,0.9430861,0.9423802,0.9416438,0.9408795,0.940084,0.9392566,0.9383876,0.9372978,0.9358435,0.9337585,0.928096,NaN,NaN,NaN,NaN,NaN
91.88173,0,0.05031551,0.1743106,0.3206214,0.4540476,0.5623239,0.6459726,0.7095975,0.7580445,0.7952142,0.8240742,0.8467656,0.8648273,0.8793717,0.8912026,0.9009328,0.9089886,0.9157068,0.9213532,0.9261096,0.9301445,0.9335652,0.9364771,0.9389217,0.9410512,0.9428293,0.944327,0.9455785,0.9466073,0.9474509,0.9481172,0.9486272,0.9489957,0.9492339,0.9493583,0.9493718,0.9492947,0.9491397,0.9489151,0.9486322,0.9482938,0.9479105,0.9474805,0.9470121,0.9465048,0.9459634,0.9453892,0.944783,0.9441457,0.9434792,0.9427819,0.9420547,0.9412911,0.9405088,0.9396814,0.9386294,0.9371966,0.935107,0.9292709,NaN,NaN,NaN,NaN,NaN,NaN
94.42864,0,0.04890245,0.170069,0.3142696,0.4468851,0.555342,0.6396496,0.7040729,0.7532606,0.7911528,0.8206213,0.8438298,0.8623291,0.8772419,0.8893921,0.8993817,0.9076633,0.9145786,0.9203875,0.9252917,0.9294478,0.9329747,0.9359815,0.9385423,0.9407193,0.9425595,0.9441194,0.9454236,0.9465054,0.947388,0.9480942,0.9486403,0.9490426,0.9493173,0.949464,0.9495027,0.9494479,0.949311,0.9491105,0.9488455,0.9485245,0.9481391,0.9477405,0.9472849,0.9467908,0.9462628,0.9456989,0.9451028,0.9444772,0.9438185,0.9431314,0.9424116,0.9416612,0.9408754,0.9398651,0.9384546,0.9363623,0.9304184,NaN,NaN,NaN,NaN,NaN,NaN,NaN
97.10414,0,0.04748376,0.1657742,0.3077564,0.4394748,0.5480821,0.6330188,0.6982384,0.7482409,0.7868211,0.8169329,0.84068,0.8596353,0.8749354,0.8874116,0.8976789,0.9061954,0.913312,0.9193004,0.9243526,0.9286435,0.93229,0.9353901,0.9380442,0.9402985,0.9422119,0.9438323,0.9451925,0.9463228,0.9472526,0.9479991,0.9485845,0.9490067,0.9493271,0.9495055,0.9495705,0.9495409,0.9494288,0.9492449,0.9489983,0.9486949,0.9483407,0.9479419,0.9475004,0.9470204,0.946503,0.9459506,0.9453665,0.9447502,0.9441012,0.9434215,0.9427097,0.9419654,0.9410011,0.9396153,0.9375182,0.931429,NaN,NaN,NaN,NaN,NaN,NaN,NaN,NaN
99.9191,0,0.04605842,0.161427,0.3010935,0.4318696,0.5405238,0.6260682,0.692086,0.7428926,0.7822327,0.8129865,0.8372829,0.8567257,0.8724293,0.8852494,0.8958029,0.9045769,0.9119097,0.9180784,0.9232937,0.9277204,0.9314877,0.934689,0.937441,0.9397789,0.9417697,0.9434533,0.9448749,0.9460601,0.9470364,0.9478242,0.9484525,0.9489272,0.9492678,0.9494731,0.949569,0.9495644,0.9494633,0.9493122,0.9490855,0.9488004,0.9484634,0.948078,0.9476523,0.9471851,0.9466802,0.9461406,0.9455639,0.9449584,0.9443204,0.9436489,0.9429443,0.9420329,0.9406744,0.9385725,0.9323258,NaN,NaN,NaN,NaN,NaN,NaN,NaN,NaN,NaN
102.8852,0,0.04462543,0.1570189,0.2942727,0.4239843,0.5326453,0.6187707,0.6855884,0.7372262,0.7773291,0.8087563,0.8336458,0.8535781,0.8697065,0.8828864,0.8937536,0.9027852,0.9103435,0.9167017,0.9220919,0.9266657,0.9305623,0.9338862,0.9367302,0.939154,0.9412005,0.9429783,0.9444498,0.9457044,0.9467321,0.9475712,0.9482386,0.9487505,0.9491295,0.9493686,0.9494895,0.9495134,0.9494456,0.9493078,0.9491003,0.9488343,0.9485148,0.9481468,0.9477346,0.9472788,0.9467893,0.9462606,0.9456977,0.9451006,0.9444699,0.9438062,0.9429544,0.9416294,0.9395245,0.9331043,NaN,NaN,NaN,NaN,NaN,NaN,NaN,NaN,NaN,NaN
106.0159,0,0.04318371,0.1525483,0.2872811,0.4158239,0.5244216,0.6110981,0.6787139,0.7311923,0.7720681,0.8042127,0.8297136,0.8501665,0.8667409,0.8803,0.8914927,0.9008026,0.9086006,0.9151709,0.9207346,0.9254648,0.9294984,0.9329311,0.9358924,0.9384,0.9405614,0.9423939,0.9439422,0.9452341,0.9463292,0.9472174,0.9479311,0.9484845,0.9489013,0.9491762,0.9493273,0.949379,0.9493388,0.9492229,0.9490358,0.9487903,0.9484885,0.948137,0.9477396,0.9473006,0.9468216,0.9463052,0.9457528,0.9451655,0.9445435,0.9437575,0.9424729,0.9403686,0.9337873,NaN,NaN,NaN,NaN,NaN,NaN,NaN,NaN,NaN,NaN,NaN
109.3256,0,0.04173225,0.1480095,0.2801145,0.4073701,0.5158254,0.6030187,0.6714284,0.7247439,0.7664667,0.7993254,0.8254621,0.8464633,0.8635065,0.8774677,0.8889836,0.8986079,0.9066596,0.9134499,0.9191999,0.9241009,0.9282801,0.931855,0.9349127,0.9375365,0.9397547,0.9416843,0.9433089,0.9446769,0.9458192,0.946758,0.9475196,0.948119,0.9485774,0.9488878,0.9490732,0.9491532,0.9491407,0.9490489,0.9488744,0.9486582,0.9483756,0.9480411,0.9476603,0.9472356,0.9467703,0.946266,0.9457245,0.9451412,0.944432,0.9431967,0.941097,0.9343327,NaN,NaN,NaN,NaN,NaN,NaN,NaN,NaN,NaN,NaN,NaN,NaN
112.8308,0,0.04026992,0.1433992,0.2727342,0.3986014,0.5068286,0.5944957,0.6636921,0.7178954,0.7604374,0.7940545,0.8208573,0.8424345,0.859967,0.8743585,0.886258,0.896176,0.9044983,0.911522,0.9174807,0.9225351,0.9268902,0.9306021,0.9337839,0.9365126,0.9388404,0.940841,0.942542,0.9439809,0.9451858,0.9461669,0.9469949,0.9476418,0.9481433,0.9484942,0.9487156,0.9488187,0.948843,0.9487751,0.9486353,0.9484308,0.9481683,0.9478524,0.9474872,0.9470779,0.9466261,0.9461341,0.9456036,0.9449649,0.9437914,0.9417039,0.9347549,NaN,NaN,NaN,NaN,NaN,NaN,NaN,NaN,NaN,NaN,NaN,NaN,NaN
116.5499,0,0.03879568,0.1387116,0.2651935,0.3894953,0.4973976,0.5854895,0.6554621,0.7105471,0.7539526,0.7883584,0.815854,0.8380426,0.856104,0.8709396,0.8832268,0.8934767,0.9020895,0.9093641,0.9155399,0.9208047,0.9253074,0.9291666,0.9324791,0.935321,0.937763,0.9398491,0.9416298,0.9431309,0.944417,0.9454737,0.9463424,0.947039,0.9475888,0.9479766,0.9482392,0.9483856,0.948433,0.9483843,0.9482791,0.9480962,0.947855,0.9475516,0.9472105,0.9468147,0.9463772,0.9458989,0.9453391,0.944244,0.9421791,0.9350575,NaN,NaN,NaN,NaN,NaN,NaN,NaN,NaN,NaN,NaN,NaN,NaN,NaN,NaN
120.5032,0,0.03730843,0.1339429,0.2574166,0.3800284,0.4874933,0.575933,0.6466895,0.702668,0.7469617,0.7821889,0.8104191,0.8332448,0.8518605,0.8671745,0.879874,0.8904828,0.8993955,0.9069376,0.9133554,0.9188252,0.9235076,0.9275257,0.9309788,0.9339441,0.936499,0.9386875,0.9405587,0.9421508,0.9434936,0.9446154,0.9455498,0.9462851,0.9468994,0.9473387,0.9476379,0.9478135,0.9478987,0.9478879,0.9477923,0.9476414,0.9474236,0.9471469,0.946812,0.946439,0.9460171,0.945535,0.9445395,0.9425103,0.9352133,NaN,NaN,NaN,NaN,NaN,NaN,NaN,NaN,NaN,NaN,NaN,NaN,NaN,NaN,NaN
124.7138,0,0.03580701,0.1290874,0.2494107,0.3701745,0.4770874,0.5658473,0.637319,0.6941995,0.7393897,0.7754903,0.8044906,0.8279904,0.8471948,0.8630189,0.8761506,0.8871502,0.8964016,0.904233,0.9108895,0.9165808,0.9214633,0.9256531,0.9292584,0.9323627,0.9350311,0.9373267,0.9392998,0.9409796,0.9424033,0.9436009,0.9445923,0.9454051,0.946061,0.9465475,0.9468905,0.9471111,0.9472241,0.9472463,0.9471891,0.9470577,0.9468589,0.9466025,0.9462942,0.9459356,0.9455259,0.9446591,0.9426837,0.9352286,NaN,NaN,NaN,NaN,NaN,NaN,NaN,NaN,NaN,NaN,NaN,NaN,NaN,NaN,NaN,NaN
129.2077,0,0.03429038,0.1241403,0.2411622,0.3599045,0.4661256,0.5551074,0.6272883,0.6850548,0.7312246,0.7681983,0.7980067,0.8222221,0.8420526,0.8584216,0.8720208,0.8834366,0.8930455,0.9011819,0.9081176,0.9140542,0.9191422,0.9235185,0.9272893,0.9305237,0.9333443,0.9357587,0.9378332,0.939605,0.9411193,0.9423947,0.9434594,0.9443318,0.9450483,0.9455893,0.9459675,0.9462444,0.9463954,0.9464542,0.9464263,0.9463227,0.9461502,0.9459176,0.9456282,0.945288,0.9445752,0.9426801,0.9350339,NaN,NaN,NaN,NaN,NaN,NaN,NaN,NaN,NaN,NaN,NaN,NaN,NaN,NaN,NaN,NaN,NaN
134.014,0,0.03275751,0.1190859,0.2326562,0.3491889,0.454566,0.5436511,0.6165279,0.6752242,0.7223376,0.7602393,0.7908986,0.8158728,0.8363712,0.8533234,0.8674461,0.8792905,0.8892772,0.897767,0.9049986,0.9111892,0.916507,0.9210813,0.925038,0.9284506,0.9313978,0.9339404,0.9361282,0.938012,0.9396174,0.9409785,0.9421211,0.9430674,0.9438495,0.9444452,0.9448879,0.9452,0.9453947,0.9454892,0.945493,0.9454224,0.9452777,0.9450702,0.9448011,0.9442599,0.9424772,0.9346817,NaN,NaN,NaN,NaN,NaN,NaN,NaN,NaN,NaN,NaN,NaN,NaN,NaN,NaN,NaN,NaN,NaN,NaN
139.1658,0,0.03120736,0.1139512,0.2238773,0.3379956,0.4423559,0.5314838,0.6049586,0.6645371,0.7126602,0.7515294,0.7830837,0.8088644,0.8300761,0.8476445,0.8623167,0.8746513,0.8850665,0.8939154,0.9014696,0.907938,0.9135139,0.9183166,0.922466,0.9260554,0.929161,0.9318465,0.9341603,0.9361599,0.9378688,0.9393238,0.9405537,0.9415779,0.9424329,0.9430954,0.9435953,0.9439559,0.9441963,0.9443321,0.9443751,0.9443333,0.9442219,0.9440407,0.9436727,0.942045,0.9341286,NaN,NaN,NaN,NaN,NaN,NaN,NaN,NaN,NaN,NaN,NaN,NaN,NaN,NaN,NaN,NaN,NaN,NaN,NaN
144.7002,0,0.02963914,0.1086993,0.214809,0.3262677,0.4294391,0.5184322,0.5924906,0.6529824,0.7020723,0.7419662,0.7744673,0.8011053,0.823069,0.841338,0.8566029,0.8694481,0.88032,0.8895712,0.8974792,0.9042668,0.9101054,0.91516,0.9195281,0.9233124,0.9265929,0.9294303,0.9318904,0.9340134,0.9358387,0.9374002,0.9387223,0.939838,0.9407697,0.9415069,0.9420703,0.9424841,0.9427786,0.9429597,0.9430435,0.9430405,0.9429581,0.9427627,0.9413525,0.9333358,NaN,NaN,NaN,NaN,NaN,NaN,NaN,NaN,NaN,NaN,NaN,NaN,NaN,NaN,NaN,NaN,NaN,NaN,NaN,NaN
150.6591,0,0.02805216,0.1033366,0.2054385,0.3140369,0.4157555,0.5045111,0.5790244,0.6403846,0.6905201,0.7314412,0.7649362,0.7924885,0.8152874,0.8342722,0.8501716,0.863597,0.8749599,0.8846604,0.892959,0.9000909,0.9062418,0.9115548,0.9161655,0.9201721,0.9236472,0.9266642,0.9292808,0.9315459,0.9334996,0.9351768,0.9366028,0.9378143,0.9388395,0.939649,0.9402864,0.9407666,0.9411139,0.9413451,0.9414746,0.9415121,0.9414638,0.9403496,0.9323262,NaN,NaN,NaN,NaN,NaN,NaN,NaN,NaN,NaN,NaN,NaN,NaN,NaN,NaN,NaN,NaN,NaN,NaN,NaN,NaN,NaN
157.0896,0,0.02644574,0.09785882,0.1957477,0.3011977,0.4012381,0.4895522,0.5644441,0.6266372,0.6778078,0.7198123,0.7543405,0.782886,0.8065697,0.8263474,0.8429611,0.8569975,0.8689103,0.8790988,0.8878272,0.89534,0.9018316,0.9074534,0.9123337,0.9165765,0.9202682,0.9234806,0.9262707,0.9286979,0.9307913,0.9326037,0.9341534,0.9354653,0.9365952,0.9374972,0.9382104,0.9387612,0.9391718,0.9394599,0.9396364,0.9397226,0.9389765,0.9309307,NaN,NaN,NaN,NaN,NaN,NaN,NaN,NaN,NaN,NaN,NaN,NaN,NaN,NaN,NaN,NaN,NaN,NaN,NaN,NaN,NaN,NaN
164.0436,0,0.02481962,0.09226309,0.1857222,0.2877334,0.3858151,0.4734503,0.5486196,0.6115685,0.6637986,0.7069249,0.7425767,0.7721459,0.7967847,0.8174235,0.8348074,0.8495289,0.8620602,0.8727785,0.881974,0.8899251,0.8967958,0.9027566,0.9079327,0.9124545,0.9163907,0.9198231,0.9228146,0.9254137,0.9276804,0.9296318,0.9313205,0.9327593,0.9339946,0.9350021,0.9358003,0.9364353,0.9369133,0.9372685,0.9375057,0.9371637,0.9292384,NaN,NaN,NaN,NaN,NaN,NaN,NaN,NaN,NaN,NaN,NaN,NaN,NaN,NaN,NaN,NaN,NaN,NaN,NaN,NaN,NaN,NaN,NaN
171.5784,0,0.02317349,0.0865456,0.1753464,0.2736012,0.3694066,0.4561639,0.5313982,0.5950752,0.6483055,0.6925832,0.7293797,0.7600825,0.7857529,0.8073176,0.825563,0.8410421,0.8542494,0.8655589,0.8753136,0.8837318,0.8910292,0.8973724,0.9028984,0.9077113,0.9119274,0.9156148,0.9188276,0.9216436,0.924083,0.9262157,0.9280529,0.929631,0.9310014,0.9321194,0.9330238,0.9337454,0.9343085,0.9347326,0.9347967,0.9271467,NaN,NaN,NaN,NaN,NaN,NaN,NaN,NaN,NaN,NaN,NaN,NaN,NaN,NaN,NaN,NaN,NaN,NaN,NaN,NaN,NaN,NaN,NaN,NaN
179.7541,0,0.02150687,0.08070254,0.1646025,0.258733,0.3519205,0.4374761,0.5126013,0.5768753,0.6310988,0.6765506,0.7145885,0.7464432,0.7732527,0.7958612,0.8150263,0.8313478,0.8453102,0.8573075,0.8676559,0.8766046,0.8843985,0.8911765,0.8970933,0.9022626,0.9067978,0.9107669,0.9142438,0.9172878,0.9199424,0.9222673,0.9242813,0.9260157,0.9275404,0.92879,0.9298124,0.9306384,0.9312898,0.9317427,0.92456,NaN,NaN,NaN,NaN,NaN,NaN,NaN,NaN,NaN,NaN,NaN,NaN,NaN,NaN,NaN,NaN,NaN,NaN,NaN,NaN,NaN,NaN,NaN,NaN,NaN
188.6302,0,0.01981862,0.07472683,0.1534655,0.2431285,0.3332424,0.4172396,0.4920015,0.5567256,0.6118855,0.6585217,0.6978344,0.7309802,0.7589855,0.7827097,0.802928,0.8201933,0.835007,0.8477694,0.8588054,0.8683741,0.8767223,0.8839998,0.8903663,0.8959466,0.9008358,0.9051443,0.9089221,0.9122386,0.9151406,0.9176854,0.9199111,0.9218381,0.923526,0.9249298,0.9260936,0.9270364,0.9278056,0.921329,NaN,NaN,NaN,NaN,NaN,NaN,NaN,NaN,NaN,NaN,NaN,NaN,NaN,NaN,NaN,NaN,NaN,NaN,NaN,NaN,NaN,NaN,NaN,NaN,NaN,NaN
198.2568,0,0.01810518,0.06860316,0.1418935,0.2266354,0.3132133,0.3952185,0.469292,0.5342628,0.5902382,0.6380718,0.6787067,0.7132093,0.7425375,0.7675279,0.7888902,0.8072167,0.8229819,0.836622,0.8484633,0.8587436,0.8677258,0.8755952,0.8824867,0.8885325,0.8938676,0.8985573,0.9026883,0.906326,0.9095262,0.9123366,0.9147965,0.9169463,0.9188354,0.9204297,0.9217487,0.9228337,0.9172431,NaN,NaN,NaN,NaN,NaN,NaN,NaN,NaN,NaN,NaN,NaN,NaN,NaN,NaN,NaN,NaN,NaN,NaN,NaN,NaN,NaN,NaN,NaN,NaN,NaN,NaN,NaN
208.6544,0,0.01635812,0.06229724,0.1298052,0.2091185,0.291578,0.3710509,0.4440094,0.5089417,0.5656033,0.6145629,0.6565521,0.6924972,0.7232669,0.7496453,0.7723135,0.7918505,0.808742,0.8233945,0.8361447,0.8472719,0.8570127,0.8655583,0.8730724,0.8796809,0.8855207,0.8906848,0.8952386,0.8992585,0.902804,0.9059411,0.9086939,0.9111069,0.9132457,0.9150497,0.9165661,0.9120194,NaN,NaN,NaN,NaN,NaN,NaN,NaN,NaN,NaN,NaN,NaN,NaN,NaN,NaN,NaN,NaN,NaN,NaN,NaN,NaN,NaN,NaN,NaN,NaN,NaN,NaN,NaN,NaN
219.7703,0,0.01455817,0.05573359,0.117032,0.1902811,0.2678833,0.3441109,0.4153685,0.4798441,0.5369675,0.5869171,0.630233,0.6677288,0.7000498,0.7280029,0.7521583,0.7730939,0.7912848,0.8071344,0.8209818,0.8331121,0.8437523,0.8531421,0.8614128,0.8687089,0.8751742,0.8809102,0.8859834,0.8904762,0.8944617,0.8979776,0.9010969,0.9038375,0.9062782,0.9083569,0.9050523,NaN,NaN,NaN,NaN,NaN,NaN,NaN,NaN,NaN,NaN,NaN,NaN,NaN,NaN,NaN,NaN,NaN,NaN,NaN,NaN,NaN,NaN,NaN,NaN,NaN,NaN,NaN,NaN,NaN
231.3901,0,0.01266531,0.04875614,0.1032337,0.1695337,0.2412458,0.3132081,0.3818888,0.44524,0.5023247,0.5530774,0.5976979,0.6367318,0.6707814,0.7004535,0.7263224,0.7489025,0.7686432,0.7859408,0.8011072,0.8144958,0.8262667,0.8367005,0.8459211,0.8540999,0.8613596,0.8678093,0.8735486,0.8786474,0.883178,0.8872079,0.8907906,0.8939447,0.8967925,0.8951138,NaN,NaN,NaN,NaN,NaN,NaN,NaN,NaN,NaN,NaN,NaN,NaN,NaN,NaN,NaN,NaN,NaN,NaN,NaN,NaN,NaN,NaN,NaN,NaN,NaN,NaN,NaN,NaN,NaN,NaN
243.0826,0,0.0110657,0.0427992,0.09127005,0.1512048,0.2172291,0.2847704,0.3504659,0.4121665,0.4687224,0.5197073,0.5651612,0.6053958,0.6408593,0.6720483,0.6994299,0.7235177,0.7447221,0.7634203,0.7798977,0.7944609,0.8073542,0.8187881,0.8289414,0.8379697,0.8460043,0.8531621,0.8595393,0.8652239,0.8702839,0.8747845,0.8787815,0.8823196,0.8798079,NaN,NaN,NaN,NaN,NaN,NaN,NaN,NaN,NaN,NaN,NaN,NaN,NaN,NaN,NaN,NaN,NaN,NaN,NaN,NaN,NaN,NaN,NaN,NaN,NaN,NaN,NaN,NaN,NaN,NaN,NaN
254.9768,0,0.009840973,0.03820104,0.08192037,0.136645,0.197854,0.2614409,0.3242717,0.3841845,0.4398549,0.4907293,0.5366575,0.577713,0.6142429,0.6466402,0.675324,0.700678,0.7231688,0.7430649,0.7607049,0.7763647,0.7902848,0.8026749,0.8137166,0.82355,0.8323633,0.8402222,0.8472467,0.8535245,0.8591139,0.8641251,0.8685968,0.8607319,NaN,NaN,NaN,NaN,NaN,NaN,NaN,NaN,NaN,NaN,NaN,NaN,NaN,NaN,NaN,NaN,NaN,NaN,NaN,NaN,NaN,NaN,NaN,NaN,NaN,NaN,NaN,NaN,NaN,NaN,NaN,NaN
